      Freq,     Re(Av),     Im(Av),     Re(Ai),     Im(Ai),    Re(Pin),    Im(Pin),   Re(Pout),   Im(Pout),    Re(Zin),    Im(Zin),   Re(Zout),   Im(Zout),    Re(Vin),    Im(Vin),   Re(Vout),   Im(Vout),    Re(Iin),    Im(Iin),   Re(Iout),   Im(Iout), 
        Hz,           ,           ,           ,           ,          W,          W,          W,          W,       Ohms,       Ohms,       Ohms,       Ohms,          V,          V,          V,          V,          A,          A,          A,          A, 
 1.000E+01,  1.000E+00, -1.988E-03,  1.000E+00, -1.985E-03,  1.978E-02,  5.663E-08,  1.978E-02,  0.000E+00,  3.160E+02,  9.048E-04,  3.160E+02,  9.048E-04,  2.500E+00,  3.579E-06,  2.500E+00, -4.967E-03,  7.911E-03, -1.133E-08,  7.911E-03, -1.572E-05, 
 6.721E+03,  2.387E-01, -9.694E-01,  2.275E-01, -9.754E-01,  1.978E-02, -2.425E-04,  1.978E-02,  0.000E+00,  3.170E+02, -3.887E+00,  3.152E+02,  3.918E+00,  2.504E+00, -1.532E-02,  5.828E-01, -2.431E+00,  7.898E-03,  4.849E-05,  1.844E-03, -7.693E-03, 
 1.343E+04, -8.957E-01, -4.612E-01, -8.851E-01, -4.493E-01,  1.978E-02, -1.142E-04,  1.978E-02,  0.000E+00,  3.114E+02, -1.797E+00,  3.202E+02,  2.753E+00,  2.482E+00, -7.215E-03, -2.226E+00, -1.138E+00,  7.970E-03,  2.283E-05, -7.044E-03, -3.601E-03, 
 2.014E+04, -6.557E-01,  7.475E-01, -6.469E-01,  7.697E-01,  1.978E-02, -4.188E-04,  1.978E-02, -1.735E-18,  3.195E+02, -6.766E+00,  3.099E+02,  4.390E+00,  2.514E+00, -2.647E-02, -1.629E+00,  1.897E+00,  7.868E-03,  8.377E-05, -5.154E-03,  6.002E-03, 
 2.686E+04,  5.823E-01,  8.380E-01,  5.852E-01,  7.853E-01,  1.976E-02, -6.547E-04,  1.976E-02,  0.000E+00,  3.031E+02, -1.004E+01,  3.215E+02,  1.593E+01,  2.449E+00, -4.138E-02,  1.461E+00,  2.028E+00,  8.074E-03,  1.309E-04,  4.622E-03,  6.417E-03, 
 3.357E+04,  9.276E-01, -3.768E-01,  9.239E-01, -3.793E-01,  1.978E-02, -7.419E-05,  1.978E-02,  0.000E+00,  3.152E+02, -1.182E+00,  3.157E+02, -1.388E+00,  2.497E+00, -4.689E-03,  2.314E+00, -9.452E-01,  7.921E-03,  1.484E-05,  7.324E-03, -2.991E-03, 
 4.028E+04, -1.186E-01, -1.016E+00, -1.799E-01, -9.586E-01,  1.974E-02, -1.371E-03,  1.974E-02,  0.000E+00,  3.006E+02, -2.088E+01,  3.073E+02,  2.474E+01,  2.441E+00, -8.667E-02, -3.775E-01, -2.469E+00,  8.099E-03,  2.743E-04, -1.195E-03, -7.814E-03, 
 4.699E+04, -1.026E+00, -8.027E-02, -9.675E-01, -8.887E-02,  1.976E-02,  2.672E-04,  1.976E-02,  2.168E-19,  2.983E+02,  4.034E+00,  3.336E+02,  7.698E+00,  2.428E+00,  1.689E-02, -2.490E+00, -2.122E-01,  8.139E-03, -5.345E-05, -7.879E-03, -6.716E-04, 
 5.370E+04, -3.541E-01,  9.503E-01, -2.738E-01,  9.445E-01,  1.975E-02, -1.474E-03,  1.975E-02, -8.674E-19,  3.056E+02, -2.281E+01,  2.946E+02,  1.227E+01,  2.462E+00, -9.317E-02, -7.830E-01,  2.372E+00,  8.033E-03,  2.948E-04, -2.478E-03,  7.507E-03, 
 6.041E+04,  9.067E-01,  5.655E-01,  7.960E-01,  4.920E-01,  1.969E-02, -8.059E-05,  1.969E-02,  0.000E+00,  2.767E+02, -1.132E+00,  3.340E+02,  3.926E+01,  2.334E+00, -5.094E-03,  2.119E+00,  1.316E+00,  8.436E-03,  1.612E-05,  6.707E-03,  4.163E-03, 
 6.712E+04,  7.282E-01, -7.059E-01,  6.905E-01, -7.034E-01,  1.977E-02, -4.910E-04,  1.977E-02,  0.000E+00,  3.070E+02, -7.625E+00,  3.082E+02, -8.839E+00,  2.464E+00, -3.103E-02,  1.773E+00, -1.762E+00,  8.024E-03,  9.820E-05,  5.610E-03, -5.577E-03, 
 7.383E+04, -5.424E-01, -9.479E-01, -4.963E-01, -7.679E-01,  1.961E-02, -1.061E-03,  1.961E-02,  0.000E+00,  2.642E+02, -1.429E+01,  3.008E+02,  5.533E+01,  2.278E+00, -6.705E-02, -1.299E+00, -2.123E+00,  8.613E-03,  2.122E-04, -4.111E-03, -6.719E-03, 
 8.055E+04, -9.820E-01,  3.493E-01, -9.186E-01,  2.719E-01,  1.973E-02,  1.066E-03,  1.973E-02, -8.674E-19,  2.900E+02,  1.567E+01,  3.492E+02, -2.046E+00,  2.395E+00,  6.738E-02, -2.375E+00,  7.704E-01,  8.245E-03, -2.132E-04, -7.516E-03,  2.438E-03, 
 8.726E+04,  4.372E-02,  1.082E+00,  1.159E-01,  9.126E-01,  1.961E-02, -1.689E-03,  1.961E-02,  2.168E-19,  2.674E+02, -2.303E+01,  2.714E+02,  3.074E+01,  2.296E+00, -1.067E-01,  2.159E-01,  2.480E+00,  8.557E-03,  3.378E-04,  6.832E-04,  7.848E-03, 
 9.397E+04,  1.095E+00,  1.042E-01,  8.868E-01,  1.774E-01,  1.954E-02,  2.011E-03,  1.954E-02,  4.337E-19,  2.584E+02,  2.659E+01,  3.649E+02,  5.737E+01,  2.255E+00,  1.271E-01,  2.456E+00,  3.742E-01,  8.686E-03, -4.021E-04,  7.773E-03,  1.184E-03, 
 1.007E+05,  4.107E-01, -9.772E-01,  3.272E-01, -8.839E-01,  1.970E-02, -8.539E-04,  1.970E-02, -8.674E-19,  2.807E+02, -1.217E+01,  2.812E+02, -1.367E+01,  2.353E+00, -5.397E-02,  9.138E-01, -2.322E+00,  8.376E-03,  1.708E-04,  2.892E-03, -7.347E-03, 
 1.074E+05, -9.857E-01, -6.161E-01, -6.854E-01, -5.147E-01,  1.929E-02,  1.653E-03,  1.929E-02,  0.000E+00,  2.322E+02,  1.989E+01,  3.089E+02,  9.913E+01,  2.121E+00,  1.045E-01, -2.027E+00, -1.410E+00,  9.109E-03, -3.306E-04, -6.414E-03, -4.462E-03, 
 1.141E+05, -7.528E-01,  7.379E-01, -7.266E-01,  6.051E-01,  1.969E-02,  1.598E-03,  1.969E-02,  0.000E+00,  2.825E+02,  2.293E+01,  3.446E+02, -3.451E+01,  2.364E+00,  1.010E-01, -1.854E+00,  1.668E+00,  8.342E-03, -3.196E-04, -5.868E-03,  5.280E-03, 
 1.208E+05,  6.013E-01,  1.021E+00,  4.054E-01,  7.395E-01,  1.921E-02,  5.879E-04,  1.921E-02,  0.000E+00,  2.247E+02,  6.876E+00,  2.499E+02,  7.037E+01,  2.078E+00,  3.715E-02,  1.212E+00,  2.145E+00,  9.245E-03, -1.176E-04,  3.835E-03,  6.789E-03, 
 1.275E+05,  9.989E-01, -4.177E-01,  8.872E-01, -1.532E-01,  1.936E-02,  4.431E-03,  1.936E-02,  0.000E+00,  2.561E+02,  5.863E+01,  4.148E+02,  4.011E+01,  2.267E+00,  2.801E-01,  2.382E+00, -6.672E-01,  8.649E-03, -8.862E-04,  7.537E-03, -2.111E-03, 
 1.342E+05, -8.619E-02, -1.148E+00, -5.183E-02, -8.670E-01,  1.939E-02,  2.954E-04,  1.939E-02,  0.000E+00,  2.384E+02,  3.632E+00,  2.385E+02,  5.395E+00,  2.150E+00,  1.867E-02, -1.639E-01, -2.470E+00,  9.019E-03, -5.908E-05, -5.186E-04, -7.816E-03, 
 1.409E+05, -1.144E+00,  5.374E-03, -7.950E-01, -2.492E-01,  1.881E-02,  5.995E-03,  1.881E-02,  0.000E+00,  2.194E+02,  6.989E+01,  3.537E+02,  1.467E+02,  2.098E+00,  3.789E-01, -2.401E+00, -4.220E-01,  9.183E-03, -1.199E-03, -7.599E-03, -1.335E-03, 
 1.477E+05, -3.540E-01,  1.033E+00, -3.839E-01,  8.255E-01,  1.956E-02,  2.066E-03,  1.956E-02,  0.000E+00,  2.619E+02,  2.766E+01,  2.926E+02, -5.980E+01,  2.272E+00,  1.306E-01, -9.393E-01,  2.302E+00,  8.632E-03, -4.132E-04, -2.973E-03,  7.284E-03, 
 1.544E+05,  1.102E+00,  4.960E-01,  5.911E-01,  5.238E-01,  1.845E-02,  5.754E-03,  1.845E-02,  0.000E+00,  1.971E+02,  6.147E+01,  2.480E+02,  1.338E+02,  1.964E+00,  3.636E-01,  1.985E+00,  1.375E+00,  9.607E-03, -1.151E-03,  6.281E-03,  4.352E-03, 
 1.611E+05,  6.647E-01, -8.099E-01,  7.586E-01, -5.101E-01,  1.926E-02,  5.781E-03,  1.926E-02,  0.000E+00,  2.641E+02,  7.925E+01,  4.275E+02, -4.591E+01,  2.326E+00,  3.653E-01,  1.842E+00, -1.641E+00,  8.462E-03, -1.156E-03,  5.829E-03, -5.193E-03, 
 1.678E+05, -7.763E-01, -9.469E-01, -3.402E-01, -7.160E-01,  1.858E-02,  4.608E-03,  1.858E-02,  1.735E-18,  1.986E+02,  4.925E+01,  2.017E+02,  5.848E+01,  1.957E+00,  2.912E-01, -1.244E+00, -2.079E+00,  9.629E-03, -9.217E-04, -3.936E-03, -6.580E-03, 
 1.745E+05, -8.839E-01,  5.408E-01, -8.536E-01,  5.837E-02,  1.841E-02,  9.604E-03,  1.841E-02,  0.000E+00,  2.313E+02,  1.207E+02,  4.620E+02,  1.486E+02,  2.247E+00,  6.070E-01, -2.314E+00,  6.788E-01,  8.712E-03, -1.921E-03, -7.324E-03,  2.148E-03, 
 1.812E+05,  2.669E-01,  1.128E+00,  1.045E-02,  8.418E-01,  1.904E-02,  4.255E-03,  1.904E-02,  4.337E-19,  2.240E+02,  5.005E+01,  2.179E+02, -3.251E+01,  2.099E+00,  2.689E-01,  2.567E-01,  2.439E+00,  9.181E-03, -8.510E-04,  8.124E-04,  7.720E-03, 
 1.879E+05,  1.038E+00, -2.163E-01,  7.288E-01,  2.923E-01,  1.754E-02,  1.166E-02,  1.754E-02, -4.337E-19,  1.949E+02,  1.296E+02,  2.934E+02,  2.165E+02,  2.094E+00,  7.370E-01,  2.333E+00,  3.122E-01,  9.196E-03, -2.332E-03,  7.384E-03,  9.881E-04, 
 1.946E+05,  1.804E-01, -1.034E+00,  4.247E-01, -7.999E-01,  1.917E-02,  6.255E-03,  1.917E-02, -8.674E-19,  2.592E+02,  8.457E+01,  3.231E+02, -1.135E+02,  2.311E+00,  3.953E-01,  8.256E-01, -2.319E+00,  8.509E-03, -1.251E-03,  2.613E-03, -7.338E-03, 
 2.014E+05, -1.088E+00, -1.987E-01, -5.400E-01, -5.231E-01,  1.725E-02,  1.152E-02,  1.725E-02, -8.674E-19,  1.786E+02,  1.193E+02,  1.918E+02,  1.419E+02,  1.981E+00,  7.281E-01, -2.011E+00, -1.186E+00,  9.553E-03, -2.304E-03, -6.364E-03, -3.753E-03, 
 2.081E+05, -4.740E-01,  8.243E-01, -7.879E-01,  4.631E-01,  1.838E-02,  1.047E-02,  1.838E-02, -1.735E-18,  2.639E+02,  1.503E+02,  5.427E+02, -2.447E+01,  2.447E+00,  6.615E-01, -1.705E+00,  1.703E+00,  8.079E-03, -2.093E-03, -5.396E-03,  5.391E-03, 
 2.148E+05,  9.138E-01,  6.625E-01,  3.220E-01,  7.015E-01,  1.773E-02,  9.987E-03,  1.773E-02,  0.000E+00,  1.883E+02,  1.061E+02,  1.662E+02,  4.378E+01,  2.000E+00,  6.312E-01,  1.409E+00,  1.902E+00,  9.495E-03, -1.997E-03,  4.459E-03,  6.018E-03, 
 2.215E+05,  6.614E-01, -5.965E-01,  8.487E-01, -1.735E-02,  1.702E-02,  1.473E-02,  1.702E-02,  8.674E-19,  2.277E+02,  1.971E+02,  4.542E+02,  2.719E+02,  2.432E+00,  9.310E-01,  2.164E+00, -8.347E-01,  8.128E-03, -2.946E-03,  6.847E-03, -2.642E-03, 
 2.282E+05, -4.802E-01, -9.579E-01, -2.102E-02, -8.442E-01,  1.851E-02,  8.711E-03,  1.851E-02,  0.000E+00,  2.254E+02,  1.060E+02,  2.005E+02, -6.296E+01,  2.189E+00,  5.505E-01, -5.239E-01, -2.361E+00,  8.895E-03, -1.742E-03, -1.658E-03, -7.473E-03, 
 2.349E+05, -7.993E-01,  3.584E-01, -7.179E-01, -3.022E-01,  1.598E-02,  1.712E-02,  1.598E-02, -2.711E-20,  1.917E+02,  2.054E+02,  2.370E+02,  2.550E+02,  2.326E+00,  1.082E+00, -2.247E+00, -3.131E-02,  8.463E-03, -3.424E-03, -7.110E-03, -9.909E-05, 
 2.416E+05,  2.088E-02,  9.460E-01, -4.142E-01,  8.412E-01,  1.860E-02,  9.672E-03,  1.860E-02,  8.674E-19,  2.778E+02,  1.445E+02,  3.450E+02, -1.640E+02,  2.488E+00,  6.113E-01, -5.263E-01,  2.366E+00,  7.949E-03, -1.934E-03, -1.665E-03,  7.488E-03, 
 2.483E+05,  9.001E-01, -6.836E-02,  5.509E-01,  5.120E-01,  1.584E-02,  1.713E-02,  1.584E-02,  0.000E+00,  1.787E+02,  1.933E+02,  1.549E+02,  1.510E+02,  2.229E+00,  1.083E+00,  2.081E+00,  8.221E-01,  8.768E-03, -3.426E-03,  6.584E-03,  2.602E-03, 
 2.550E+05,  2.808E-01, -7.721E-01,  8.148E-01, -5.258E-01,  1.741E-02,  1.320E-02,  1.741E-02,  0.000E+00,  2.972E+02,  2.254E+02,  6.507E+02, -5.572E+00,  2.730E+00,  8.345E-01,  1.411E+00, -1.873E+00,  7.183E-03, -2.641E-03,  4.465E-03, -5.929E-03, 
 2.618E+05, -8.926E-01, -3.145E-01, -3.709E-01, -6.883E-01,  1.665E-02,  1.513E-02,  1.665E-02, -1.735E-18,  1.932E+02,  1.756E+02,  1.398E+02,  4.655E+01,  2.227E+00,  9.564E-01, -1.687E+00, -1.554E+00,  8.775E-03, -3.026E-03, -5.338E-03, -4.918E-03, 
 2.685E+05, -4.538E-01,  5.820E-01, -9.092E-01,  6.917E-02,  1.570E-02,  1.726E-02,  1.570E-02,  0.000E+00,  2.627E+02,  2.888E+02,  4.507E+02,  3.603E+02,  2.814E+00,  1.091E+00, -1.912E+00,  1.143E+00,  6.917E-03, -3.452E-03, -6.050E-03,  3.617E-03, 
 2.752E+05,  6.416E-01,  6.942E-01,  1.240E-01,  8.623E-01,  1.783E-02,  1.228E-02,  1.783E-02,  8.674E-19,  2.398E+02,  1.652E+02,  1.749E+02, -6.509E+01,  2.388E+00,  7.763E-01,  9.933E-01,  2.156E+00,  8.266E-03, -2.457E-03,  3.143E-03,  6.823E-03, 
 2.819E+05,  5.719E-01, -4.087E-01,  7.972E-01,  2.634E-01,  1.454E-02,  1.988E-02,  1.454E-02, -4.337E-19,  2.228E+02,  3.047E+02,  2.136E+02,  2.948E+02,  2.778E+00,  1.257E+00,  2.102E+00, -4.166E-01,  7.032E-03, -3.977E-03,  6.653E-03, -1.318E-03, 
 2.886E+05, -2.206E-01, -8.287E-01,  2.720E-01, -9.657E-01,  1.817E-02,  1.076E-02,  1.817E-02,  5.421E-20,  3.181E+02,  1.884E+02,  3.127E+02, -1.868E+02,  2.710E+00,  6.803E-01, -3.424E-02, -2.396E+00,  7.246E-03, -2.153E-03, -1.084E-04, -7.583E-03, 
 2.953E+05, -6.771E-01,  2.262E-01, -6.515E-01, -4.784E-01,  1.440E-02,  2.039E-02,  1.440E-02,  0.000E+00,  2.064E+02,  2.922E+02,  1.373E+02,  1.812E+02,  2.696E+00,  1.288E+00, -2.117E+00, -2.625E-01,  7.290E-03, -4.077E-03, -6.700E-03, -8.308E-04, 
 3.020E+05, -1.079E-01,  7.287E-01, -7.657E-01,  8.004E-01,  1.699E-02,  1.203E-02,  1.699E-02, -8.674E-19,  3.877E+02,  2.747E+02,  6.795E+02, -9.525E+01,  3.052E+00,  7.604E-01, -8.833E-01,  2.142E+00,  6.166E-03, -2.406E-03, -2.795E-03,  6.778E-03, 
 3.087E+05,  7.628E-01,  1.822E-02,  5.126E-01,  6.552E-01,  1.533E-02,  1.865E-02,  1.533E-02,  0.000E+00,  2.187E+02,  2.662E+02,  1.209E+02,  7.984E+01,  2.632E+00,  1.179E+00,  1.986E+00,  9.472E-01,  7.493E-03, -3.731E-03,  6.286E-03,  2.998E-03, 
 3.154E+05,  2.908E-01, -5.738E-01,  1.050E+00, -3.524E-01,  1.512E-02,  1.490E-02,  1.512E-02,  0.000E+00,  3.875E+02,  3.817E+02,  5.484E+02,  3.993E+02,  3.265E+00,  9.415E-01,  1.490E+00, -1.600E+00,  5.491E-03, -2.979E-03,  4.714E-03, -5.063E-03, 
 3.222E+05, -7.377E-01, -3.572E-01, -3.538E-01, -8.438E-01,  1.689E-02,  1.490E-02,  1.689E-02,  0.000E+00,  2.645E+02,  2.334E+02,  1.422E+02, -2.246E+01,  2.657E+00,  9.419E-01, -1.624E+00, -1.644E+00,  7.415E-03, -2.981E-03, -5.138E-03, -5.202E-03, 
 3.289E+05, -3.988E-01,  4.390E-01, -1.041E+00, -7.286E-02,  1.373E-02,  1.742E-02,  1.373E-02,  0.000E+00,  3.444E+02,  4.368E+02,  2.450E+02,  3.623E+02,  3.336E+00,  1.101E+00, -1.814E+00,  1.025E+00,  5.267E-03, -3.484E-03, -5.739E-03,  3.244E-03, 
 3.356E+05,  4.829E-01,  6.601E-01,  1.150E-01,  1.053E+00,  1.804E-02,  1.040E-02,  1.804E-02,  8.674E-19,  3.546E+02,  2.044E+02,  2.254E+02, -1.389E+02,  2.844E+00,  6.570E-01,  9.398E-01,  2.195E+00,  6.823E-03, -2.079E-03,  2.974E-03,  6.945E-03, 
 3.423E+05,  4.866E-01, -3.224E-01,  9.288E-01,  3.560E-01,  1.331E-02,  1.866E-02,  1.331E-02,  4.337E-19,  3.127E+02,  4.384E+02,  1.457E+02,  2.461E+02,  3.309E+00,  1.179E+00,  1.990E+00, -4.931E-01,  5.351E-03, -3.731E-03,  6.299E-03, -1.561E-03, 
 3.490E+05, -1.292E-01, -7.259E-01,  2.732E-01, -1.221E+00,  1.767E-02,  7.392E-03,  1.767E-02,  0.000E+00,  4.946E+02,  2.070E+02,  4.753E+02, -2.155E+02,  3.170E+00,  4.672E-01, -7.044E-02, -2.362E+00,  5.790E-03, -1.478E-03, -2.229E-04, -7.474E-03, 
 3.557E+05, -5.798E-01,  1.969E-01, -8.193E-01, -5.526E-01,  1.390E-02,  1.829E-02,  1.390E-02,  2.711E-20,  3.086E+02,  4.060E+02,  1.166E+02,  1.500E+02,  3.222E+00,  1.156E+00, -2.096E+00, -3.564E-02,  5.627E-03, -3.658E-03, -6.632E-03, -1.128E-04, 
 3.624E+05, -1.164E-01,  6.295E-01, -7.933E-01,  1.199E+00,  1.607E-02,  6.826E-03,  1.607E-02,  0.000E+00,  6.532E+02,  2.775E+02,  7.576E+02,  1.617E+02,  3.493E+00,  4.314E-01, -6.780E-01,  2.149E+00,  4.768E-03, -1.365E-03, -2.146E-03,  6.800E-03, 
 3.691E+05,  6.748E-01, -2.014E-02,  7.314E-01,  7.185E-01,  1.538E-02,  1.603E-02,  1.538E-02, -8.674E-19,  3.322E+02,  3.464E+02,  1.188E+02,  6.429E+01,  3.104E+00,  1.013E+00,  2.115E+00,  6.212E-01,  6.001E-03, -3.206E-03,  6.693E-03,  1.966E-03, 
 3.758E+05,  2.512E-01, -5.122E-01,  1.253E+00, -9.142E-01,  1.442E-02,  7.588E-03,  1.442E-02,  8.674E-19,  7.602E+02,  4.001E+02,  4.269E+02,  4.341E+02,  3.710E+00,  4.795E-01,  1.178E+00, -1.780E+00,  4.082E-03, -1.518E-03,  3.727E-03, -5.633E-03, 
 3.826E+05, -7.126E-01, -2.474E-01, -6.571E-01, -8.795E-01,  1.725E-02,  1.167E-02,  1.725E-02,  0.000E+00,  3.808E+02,  2.577E+02,  1.504E+02, -2.206E+01,  3.005E+00,  7.377E-01, -1.959E+00, -1.269E+00,  6.312E-03, -2.335E-03, -6.200E-03, -4.017E-03, 
 3.893E+05, -3.347E-01,  4.178E-01, -1.494E+00,  5.188E-01,  1.343E-02,  8.444E-03,  1.343E-02,  0.000E+00,  7.905E+02,  4.969E+02,  2.246E+02,  3.546E+02,  3.812E+00,  5.337E-01, -1.499E+00,  1.414E+00,  3.760E-03, -1.689E-03, -4.742E-03,  4.474E-03, 
 3.960E+05,  5.824E-01,  5.517E-01,  5.856E-01,  1.038E+00,  1.858E-02,  5.717E-03,  1.858E-02,  0.000E+00,  4.486E+02,  1.380E+02,  2.335E+02, -1.108E+02,  2.999E+00,  3.613E-01,  1.547E+00,  1.865E+00,  6.333E-03, -1.143E-03,  4.895E-03,  5.902E-03, 
 4.027E+05,  4.045E-01, -3.438E-01,  1.557E+00, -1.818E-01,  1.328E-02,  8.860E-03,  1.328E-02,  0.000E+00,  7.760E+02,  5.176E+02,  1.530E+02,  2.607E+02,  3.819E+00,  5.600E-01,  1.737E+00, -1.086E+00,  3.739E-03, -1.772E-03,  5.497E-03, -3.438E-03, 
 4.094E+05, -2.996E-01, -7.192E-01, -5.119E-01, -1.177E+00,  1.859E-02, -2.886E-04,  1.859E-02,  0.000E+00,  5.205E+02, -8.077E+00,  4.190E+02, -1.520E+02,  3.111E+00, -1.824E-02, -9.454E-01, -2.232E+00,  5.977E-03,  5.771E-05, -2.992E-03, -7.064E-03, 
 4.161E+05, -4.801E-01,  2.775E-01, -1.529E+00, -5.183E-02,  1.393E-02,  8.695E-03,  1.393E-02,  0.000E+00,  7.395E+02,  4.616E+02,  1.296E+02,  1.845E+02,  3.743E+00,  5.495E-01, -1.950E+00,  7.751E-01,  3.976E-03, -1.739E-03, -6.170E-03,  2.453E-03, 
 4.228E+05,  3.780E-02,  7.133E-01,  4.371E-01,  1.273E+00,  1.754E-02, -5.000E-03,  1.754E-02, -4.337E-19,  5.727E+02, -1.633E+02,  6.332E+02,  4.172E+01,  3.280E+00, -3.160E-01,  3.494E-01,  2.328E+00,  5.442E-03,  1.000E-03,  1.106E-03,  7.367E-03, 
 4.295E+05,  5.708E-01, -2.027E-01,  1.453E+00,  1.988E-01,  1.524E-02,  7.881E-03,  1.524E-02,  0.000E+00,  6.797E+02,  3.514E+02,  1.301E+02,  1.199E+02,  3.589E+00,  4.981E-01,  2.149E+00, -4.432E-01,  4.465E-03, -1.576E-03,  6.802E-03, -1.402E-03, 
 4.362E+05,  1.315E-01, -6.413E-01, -3.639E-01, -1.310E+00,  1.623E-02, -8.309E-03,  1.623E-02, -1.084E-19,  5.842E+02, -2.991E+02,  5.300E+02,  3.172E+02,  3.419E+00, -5.251E-01,  1.128E-01, -2.262E+00,  5.002E-03,  1.662E-03,  3.570E-04, -7.158E-03, 
 4.430E+05, -6.771E-01,  9.961E-02, -1.340E+00, -2.849E-01,  1.695E-02,  6.295E-03,  1.695E-02,  0.000E+00,  5.928E+02,  2.202E+02,  1.496E+02,  6.220E+01,  3.358E+00,  3.978E-01, -2.313E+00,  6.507E-02,  5.197E-03, -1.259E-03, -7.321E-03,  2.059E-04, 
 4.497E+05, -2.357E-01,  5.719E-01,  2.915E-01,  1.290E+00,  1.526E-02, -1.073E-02,  1.526E-02,  4.337E-19,  5.525E+02, -3.888E+02,  3.421E+02,  3.571E+02,  3.484E+00, -6.784E-01, -4.332E-01,  2.152E+00,  4.796E-03,  2.147E-03, -1.371E-03,  6.812E-03, 
 4.564E+05,  7.864E-01,  5.200E-02,  1.197E+00,  3.314E-01,  1.858E-02,  3.844E-03,  1.858E-02, -4.337E-19,  4.878E+02,  1.009E+02,  1.916E+02,  1.160E+01,  3.065E+00,  2.429E-01,  2.398E+00,  3.504E-01,  6.124E-03, -7.687E-04,  7.588E-03,  1.109E-03, 
 4.631E+05,  3.087E-01, -5.231E-01, -2.185E-01, -1.230E+00,  1.479E-02, -1.268E-02,  1.479E-02,  0.000E+00,  4.935E+02, -4.232E+02,  2.393E+02,  3.102E+02,  3.467E+00, -8.014E-01,  6.511E-01, -2.061E+00,  4.851E-03,  2.536E-03,  2.060E-03, -6.523E-03, 
 4.698E+05, -8.704E-01, -2.597E-01, -1.042E+00, -3.524E-01,  1.959E-02,  7.062E-04,  1.959E-02,  0.000E+00,  3.825E+02,  1.379E+01,  2.638E+02, -2.150E+01,  2.739E+00,  4.463E-02, -2.372E+00, -7.502E-01,  7.155E-03, -1.412E-04, -7.507E-03, -2.374E-03, 
 4.765E+05, -3.705E-01,  4.962E-01,  1.460E-01,  1.153E+00,  1.479E-02, -1.427E-02,  1.479E-02,  0.000E+00,  4.268E+02, -4.117E+02,  1.901E+02,  2.552E+02,  3.373E+00, -9.019E-01, -8.022E-01,  2.008E+00,  5.150E-03,  2.854E-03, -2.539E-03,  6.354E-03, 
 4.832E+05,  9.028E-01,  5.017E-01,  8.919E-01,  3.560E-01,  1.967E-02, -2.522E-03,  1.967E-02,  0.000E+00,  2.914E+02, -3.736E+01,  3.652E+02, -9.037E+00,  2.409E+00, -1.594E-01,  2.254E+00,  1.065E+00,  8.200E-03,  5.044E-04,  7.134E-03,  3.369E-03, 
 4.899E+05,  4.313E-01, -4.898E-01, -7.760E-02, -1.071E+00,  1.517E-02, -1.544E-02,  1.517E-02,  0.000E+00,  3.644E+02, -3.709E+02,  1.674E+02,  2.054E+02,  3.210E+00, -9.759E-01,  9.063E-01, -1.993E+00,  5.665E-03,  3.088E-03,  2.868E-03, -6.307E-03, 
 4.966E+05, -8.935E-01, -7.368E-01, -7.586E-01, -3.477E-01,  1.892E-02, -5.031E-03,  1.892E-02,  0.000E+00,  2.201E+02, -5.851E+01,  4.560E+02,  8.112E+01,  2.087E+00, -3.179E-01, -2.099E+00, -1.254E+00,  9.218E-03,  1.006E-03, -6.643E-03, -3.968E-03, 
 5.034E+05, -4.954E-01,  5.048E-01,  1.794E-02,  9.909E-01,  1.577E-02, -1.604E-02,  1.577E-02,  0.000E+00,  3.104E+02, -3.158E+02,  1.581E+02,  1.609E+02,  2.989E+00, -1.014E+00, -9.687E-01,  2.011E+00,  6.364E-03,  3.209E-03, -3.066E-03,  6.364E-03, 
 5.101E+05,  8.965E-01,  9.387E-01,  6.476E-01,  3.315E-01,  1.765E-02, -6.149E-03,  1.765E-02,  0.000E+00,  1.672E+02, -5.827E+01,  4.679E+02,  2.199E+02,  1.777E+00, -3.886E-01,  1.958E+00,  1.320E+00,  1.020E-02,  1.230E-03,  6.197E-03,  4.177E-03, 
 5.168E+05,  5.634E-01, -5.460E-01,  2.819E-02, -9.144E-01,  1.642E-02, -1.593E-02,  1.642E-02,  8.674E-19,  2.645E+02, -2.566E+02,  1.555E+02,  1.206E+02,  2.723E+00, -1.007E+00,  9.846E-01, -2.054E+00,  7.206E-03,  3.185E-03,  3.116E-03, -6.499E-03, 
 5.235E+05, -9.914E-01, -1.099E+00, -5.589E-01, -3.107E-01,  1.614E-02, -5.515E-03,  1.614E-02,  0.000E+00,  1.292E+02, -4.415E+01,  4.039E+02,  3.278E+02,  1.486E+00, -3.485E-01, -1.856E+00, -1.287E+00,  1.112E-02,  1.103E-03, -5.873E-03, -4.072E-03, 
 5.302E+05, -6.314E-01,  6.238E-01, -5.651E-02,  8.418E-01,  1.693E-02, -1.498E-02,  1.693E-02,  0.000E+00,  2.249E+02, -1.991E+02,  1.548E+02,  8.373E+01,  2.428E+00, -9.467E-01, -9.423E-01,  2.112E+00,  8.141E-03,  2.996E-03, -2.982E-03,  6.684E-03, 
 5.369E+05,  1.272E+00,  1.160E+00,  4.902E-01,  2.875E-01,  1.456E-02, -3.086E-03,  1.456E-02,  0.000E+00,  1.021E+02, -2.163E+01,  3.235E+02,  3.828E+02,  1.231E+00, -1.950E-01,  1.792E+00,  1.179E+00,  1.193E-02,  6.172E-04,  5.670E-03,  3.732E-03, 
 5.436E+05,  6.876E-01, -7.564E-01,  6.401E-02, -7.730E-01,  1.713E-02, -1.316E-02,  1.713E-02,  0.000E+00,  1.901E+02, -1.461E+02,  1.516E+02,  5.150E+01,  2.118E+00, -8.318E-01,  8.274E-01, -2.174E+00,  9.119E-03,  2.632E-03,  2.618E-03, -6.881E-03, 
 5.503E+05, -1.737E+00, -8.863E-01, -4.386E-01, -2.633E-01,  1.300E-02,  8.974E-04,  1.300E-02,  0.000E+00,  8.270E+01,  5.707E+00,  2.588E+02,  4.089E+02,  1.038E+00,  5.671E-02, -1.753E+00, -1.018E+00,  1.254E-02, -1.795E-04, -5.547E-03, -3.223E-03, 
 5.571E+05, -7.022E-01,  9.724E-01, -4.991E-02,  7.069E-01,  1.688E-02, -1.046E-02,  1.688E-02, -8.674E-19,  1.587E+02, -9.836E+01,  1.424E+02,  2.705E+01,  1.808E+00, -6.614E-01, -6.268E-01,  2.223E+00,  1.010E-02,  2.093E-03, -1.983E-03,  7.035E-03, 
 5.638E+05,  1.898E+00,  1.128E-01,  4.015E-01,  2.388E-01,  1.153E-02,  5.962E-03,  1.153E-02, -8.674E-19,  6.896E+01,  3.565E+01,  2.146E+02,  4.285E+02,  9.306E-01,  3.768E-01,  1.724E+00,  8.203E-01,  1.288E-02, -1.192E-03,  5.456E-03,  2.596E-03, 
 5.705E+05,  5.959E-01, -1.307E+00,  1.666E-02, -6.406E-01,  1.608E-02, -6.832E-03,  1.608E-02,  0.000E+00,  1.297E+02, -5.513E+01,  1.255E+02,  1.502E+01,  1.509E+00, -4.318E-01,  3.348E-01, -2.229E+00,  1.105E-02,  1.366E-03,  1.059E-03, -7.054E-03, 
 5.772E+05, -1.449E+00,  4.937E-01, -3.774E-01, -2.140E-01,  1.022E-02,  1.150E-02,  1.022E-02,  0.000E+00,  5.948E+01,  6.692E+01,  1.887E+02,  4.546E+02,  9.216E-01,  7.269E-01, -1.695E+00, -5.986E-01,  1.291E-02, -2.300E-03, -5.363E-03, -1.894E-03, 
 5.839E+05, -1.569E-01,  1.727E+00,  2.931E-02,  5.703E-01,  1.465E-02, -2.094E-03,  1.465E-02,  0.000E+00,  1.030E+02, -1.473E+01,  1.032E+02,  1.932E+01,  1.234E+00, -1.324E-01,  3.490E-02,  2.151E+00,  1.192E-02,  4.188E-04,  1.104E-04,  6.808E-03, 
 5.906E+05,  9.559E-01, -6.517E-01,  3.658E-01,  1.886E-01,  9.145E-03,  1.689E-02,  9.145E-03,  0.000E+00,  5.352E+01,  9.886E+01,  1.805E+02,  4.970E+02,  1.010E+00,  1.067E+00,  1.661E+00,  3.623E-01,  1.263E-02, -3.378E-03,  5.256E-03,  1.146E-03, 
 5.973E+05, -8.466E-01, -1.712E+00, -7.803E-02, -4.938E-01,  1.261E-02,  3.936E-03,  1.261E-02, -4.337E-19,  7.897E+01,  2.466E+01,  7.984E+01,  4.055E+01,  1.015E+00,  2.487E-01, -4.338E-01, -1.948E+00,  1.261E-02, -7.872E-04, -1.373E-03, -6.165E-03, 
 6.040E+05, -6.362E-01,  6.394E-01, -3.681E-01, -1.609E-01,  8.394E-03,  2.159E-02,  8.394E-03,  0.000E+00,  5.100E+01,  1.312E+02,  1.968E+02,  5.684E+02,  1.183E+00,  1.364E+00, -1.625E+00, -1.121E-01,  1.208E-02, -4.318E-03, -5.142E-03, -3.548E-04, 
 6.107E+05,  1.404E+00,  6.949E-01,  1.193E-01,  4.138E-01,  1.014E-02,  1.110E-02,  1.014E-02,  0.000E+00,  5.861E+01,  6.413E+01,  5.956E+01,  7.586E+01,  9.023E-01,  7.015E-01,  7.793E-01,  1.612E+00,  1.297E-02, -2.220E-03,  2.466E-03,  5.101E-03, 
 6.175E+05,  4.387E-01, -6.084E-01,  3.883E-01,  1.259E-01,  8.090E-03,  2.515E-02,  8.090E-03, -1.084E-19,  5.265E+01,  1.637E+02,  2.681E+02,  6.981E+02,  1.420E+00,  1.590E+00,  1.590E+00, -1.666E-01,  1.133E-02, -5.031E-03,  5.032E-03, -5.272E-04, 
 6.242E+05, -1.036E+00,  2.234E-02, -1.478E-01, -3.372E-01,  7.674E-03,  1.859E-02,  7.674E-03, -4.337E-19,  4.283E+01,  1.038E+02,  4.438E+01,  1.213E+02,  9.365E-01,  1.175E+00, -9.966E-01, -1.197E+00,  1.286E-02, -3.718E-03, -3.154E-03, -3.787E-03, 
 6.309E+05, -2.994E-01,  6.068E-01, -4.331E-01, -6.861E-02,  8.429E-03,  2.713E-02,  8.429E-03,  4.337E-19,  6.076E+01,  1.956E+02,  5.694E+02,  9.512E+02,  1.696E+00,  1.715E+00, -1.548E+00,  5.160E-01,  1.045E-02, -5.427E-03, -4.900E-03,  1.633E-03, 
 6.376E+05,  6.480E-01, -2.200E-01,  1.648E-01,  2.711E-01,  5.622E-03,  2.528E-02,  5.622E-03,  0.000E+00,  3.180E+01,  1.430E+02,  3.446E+01,  1.744E+02,  1.114E+00,  1.598E+00,  1.073E+00,  7.902E-01,  1.230E-02, -5.056E-03,  3.397E-03,  2.501E-03, 
 6.443E+05,  1.574E-01, -6.567E-01,  5.001E-01, -5.595E-02,  9.717E-03,  2.689E-02,  9.717E-03, -8.674E-19,  8.003E+01,  2.215E+02,  1.881E+03,  1.145E+02,  1.961E+00,  1.700E+00,  1.425E+00, -1.020E+00,  9.618E-03, -5.379E-03,  4.509E-03, -3.228E-03, 
 6.510E+05, -4.159E-01,  2.501E-01, -1.767E-01, -2.192E-01,  4.195E-03,  3.041E-02,  4.195E-03,  0.000E+00,  2.505E+01,  1.816E+02,  2.936E+01,  2.360E+02,  1.391E+00,  1.922E+00, -1.059E+00, -4.514E-01,  1.142E-02, -6.082E-03, -3.352E-03, -1.429E-03, 
 6.577E+05,  1.101E-01,  7.423E-01, -4.799E-01,  3.271E-01,  1.174E-02,  2.424E-02,  1.174E-02,  0.000E+00,  1.066E+02,  2.201E+02,  3.229E+02, -5.287E+02,  2.059E+00,  1.532E+00, -9.103E-01,  1.697E+00,  9.307E-03, -4.848E-03, -2.881E-03,  5.371E-03, 
 6.644E+05,  2.851E-01, -2.483E-01,  1.928E-01,  1.811E-01,  3.398E-03,  3.380E-02,  3.398E-03,  1.084E-19,  2.212E+01,  2.200E+02,  2.960E+01,  3.136E+02,  1.717E+00,  2.136E+00,  1.020E+00,  1.827E-01,  1.039E-02, -6.760E-03,  3.228E-03,  5.781E-04, 
 6.711E+05, -5.874E-01, -5.075E-01,  1.515E-01, -5.029E-01,  1.086E-02,  2.432E-02,  1.086E-02,  0.000E+00,  8.719E+01,  1.952E+02,  7.395E+01, -1.348E+02,  1.826E+00,  1.537E+00, -2.921E-01, -1.829E+00,  1.005E-02, -4.864E-03, -9.243E-04, -5.789E-03, 
 6.779E+05, -2.090E-01,  2.571E-01, -2.270E-01, -1.526E-01,  3.232E-03,  3.552E-02,  3.232E-03,  0.000E+00,  2.363E+01,  2.598E+02,  4.058E+01,  4.322E+02,  2.065E+00,  2.245E+00, -1.009E+00,  6.166E-02,  9.288E-03, -7.104E-03, -3.192E-03,  1.951E-04, 
 6.846E+05,  5.248E-01, -1.748E-02,  8.445E-02,  3.615E-01,  6.141E-03,  3.090E-02,  6.141E-03,  4.337E-19,  4.355E+01,  2.191E+02,  3.008E+01,  5.198E+01,  1.796E+00,  1.953E+00,  9.766E-01,  9.934E-01,  1.014E-02, -6.180E-03,  3.090E-03,  3.144E-03, 
 6.913E+05,  1.532E-01, -3.060E-01,  3.102E-01,  1.136E-01,  4.016E-03,  3.529E-02,  4.016E-03,  0.000E+00,  3.448E+01,  3.031E+02,  1.131E+02,  7.210E+02,  2.421E+00,  2.230E+00,  1.053E+00, -3.990E-01,  8.162E-03, -7.058E-03,  3.334E-03, -1.263E-03, 
 6.980E+05, -2.945E-01,  1.439E-01, -1.426E-01, -2.354E-01,  3.228E-03,  3.564E-02,  3.228E-03,  0.000E+00,  2.394E+01,  2.642E+02,  1.840E+01,  1.753E+02,  2.103E+00,  2.252E+00, -9.433E-01, -3.606E-01,  9.168E-03, -7.127E-03, -2.985E-03, -1.141E-03, 
 7.047E+05, -2.038E-02,  4.505E-01, -4.883E-01,  8.913E-02,  7.208E-03,  3.138E-02,  7.208E-03, -4.337E-19,  7.786E+01,  3.390E+02,  2.243E+03, -1.110E+03,  2.696E+00,  1.983E+00, -9.485E-01,  1.174E+00,  7.292E-03, -6.277E-03, -3.001E-03,  3.715E-03, 
 7.114E+05,  1.852E-01, -1.611E-01,  1.696E-01,  1.730E-01,  2.219E-03,  3.727E-02,  2.219E-03,  1.355E-20,  1.854E+01,  3.114E+02,  1.742E+01,  2.916E+02,  2.469E+00,  2.355E+00,  8.366E-01,  3.839E-02,  8.009E-03, -7.454E-03,  2.647E-03,  1.215E-04, 
 7.181E+05, -4.773E-01, -2.704E-01,  1.168E-01, -5.040E-01,  8.733E-03,  2.951E-02,  8.733E-03,  0.000E+00,  8.457E+01,  2.857E+02,  5.213E+01, -1.171E+02,  2.386E+00,  1.865E+00, -6.344E-01, -1.535E+00,  8.273E-03, -5.901E-03, -2.008E-03, -4.858E-03, 
 7.248E+05, -1.364E-01,  1.945E-01, -2.342E-01, -1.425E-01,  2.396E-03,  3.671E-02,  2.396E-03,  0.000E+00,  2.375E+01,  3.638E+02,  3.349E+01,  4.768E+02,  2.834E+00,  2.320E+00, -8.378E-01,  2.347E-01,  6.855E-03, -7.341E-03, -2.651E-03,  7.427E-04, 
 7.315E+05,  2.734E-01, -1.038E-01,  1.328E-01,  2.735E-01,  3.228E-03,  3.616E-02,  3.228E-03,  0.000E+00,  2.921E+01,  3.272E+02,  1.665E+01,  1.354E+02,  2.589E+00,  2.285E+00,  9.451E-01,  3.559E-01,  7.629E-03, -7.232E-03,  2.991E-03,  1.126E-03, 
 7.383E+05,  6.040E-02, -3.363E-01,  4.668E-01,  8.165E-03,  5.221E-03,  3.231E-02,  5.221E-03,  0.000E+00,  6.888E+01,  4.262E+02,  1.175E+03,  1.844E+03,  3.156E+00,  2.042E+00,  8.774E-01, -9.381E-01,  5.835E-03, -6.462E-03,  2.777E-03, -2.969E-03, 
 7.450E+05, -1.498E-01,  1.322E-01, -1.725E-01, -1.770E-01,  1.822E-03,  3.685E-02,  1.822E-03,  0.000E+00,  1.930E+01,  3.904E+02,  1.406E+01,  2.897E+02,  3.000E+00,  2.329E+00, -7.573E-01,  4.770E-02,  6.330E-03, -7.370E-03, -2.397E-03,  1.510E-04, 
 7.517E+05,  4.318E-01,  1.199E-01, -1.997E-02,  5.127E-01,  7.340E-03,  3.107E-02,  7.340E-03, -4.337E-19,  8.318E+01,  3.521E+02,  3.755E+01, -5.376E+01,  2.774E+00,  1.964E+00,  9.622E-01,  1.180E+00,  7.045E-03, -6.214E-03,  3.045E-03,  3.736E-03, 
 7.584E+05,  1.111E-01, -1.893E-01,  2.929E-01,  1.447E-01,  2.462E-03,  3.425E-02,  2.462E-03,  0.000E+00,  3.373E+01,  4.692E+02,  4.417E+01,  5.646E+02,  3.387E+00,  2.165E+00,  7.858E-01, -4.006E-01,  5.106E-03, -6.850E-03,  2.487E-03, -1.268E-03, 
 7.651E+05, -1.757E-01,  1.112E-01, -1.657E-01, -2.305E-01,  2.107E-03,  3.564E-02,  2.107E-03,  1.355E-20,  2.547E+01,  4.307E+02,  1.280E+01,  2.091E+02,  3.214E+00,  2.253E+00, -8.151E-01, -3.824E-02,  5.651E-03, -7.128E-03, -2.579E-03, -1.210E-04, 
 7.718E+05,  2.260E-01,  4.158E-01, -4.875E-01,  5.647E-01,  9.575E-03,  2.538E-02,  9.575E-03,  0.000E+00,  1.759E+02,  4.661E+02,  1.543E+02, -4.263E+02,  3.308E+00,  1.604E+00,  8.056E-02,  1.738E+00,  5.356E-03, -5.075E-03,  2.549E-04,  5.499E-03, 
 7.785E+05,  1.126E-01, -1.476E-01,  2.620E-01,  1.767E-01,  1.928E-03,  3.281E-02,  1.928E-03,  1.084E-19,  3.155E+01,  5.369E+02,  2.288E+01,  4.263E+02,  3.658E+00,  2.074E+00,  7.180E-01, -3.061E-01,  4.248E-03, -6.563E-03,  2.272E-03, -9.688E-04, 
 7.852E+05, -1.950E-01,  1.030E-01, -1.840E-01, -2.921E-01,  2.557E-03,  3.348E-02,  2.557E-03,  0.000E+00,  3.767E+01,  4.932E+02,  1.432E+01,  1.757E+02,  3.483E+00,  2.116E+00, -8.973E-01, -5.384E-02,  4.801E-03, -6.695E-03, -2.840E-03, -1.704E-04, 
 7.919E+05,  1.075E-01,  4.235E-01, -7.190E-01,  5.539E-01,  9.360E-03,  2.167E-02,  9.360E-03, -2.168E-19,  2.603E+02,  6.025E+02,  4.107E+02, -7.542E+02,  3.690E+00,  1.370E+00, -1.832E-01,  1.710E+00,  4.145E-03, -4.334E-03, -5.797E-04,  5.412E-03, 
 7.987E+05,  1.116E-01, -1.427E-01,  3.185E-01,  2.151E-01,  2.015E-03,  2.888E-02,  2.015E-03,  1.084E-19,  4.669E+01,  6.691E+02,  2.308E+01,  4.139E+02,  4.011E+00,  1.825E+00,  7.078E-01, -3.685E-01,  3.131E-03, -5.776E-03,  2.240E-03, -1.166E-03, 
 8.054E+05, -1.799E-01,  1.075E-01, -2.395E-01, -3.322E-01,  2.575E-03,  2.989E-02,  2.575E-03,  0.000E+00,  5.300E+01,  6.151E+02,  1.527E+01,  1.962E+02,  3.867E+00,  1.889E+00, -8.988E-01,  7.592E-02,  3.586E-03, -5.977E-03, -2.844E-03,  2.402E-04, 
 8.121E+05,  3.287E-01,  4.146E-01, -2.915E-01,  1.088E+00,  1.244E-02,  1.675E-02,  1.244E-02,  0.000E+00,  4.011E+02,  5.403E+02,  1.495E+02, -2.894E+02,  3.594E+00,  1.059E+00,  7.427E-01,  1.838E+00,  4.448E-03, -3.351E-03,  2.350E-03,  5.817E-03, 
 8.188E+05,  1.129E-01, -1.776E-01,  6.443E-01,  2.855E-01,  2.975E-03,  1.984E-02,  2.975E-03,  0.000E+00,  1.569E+02,  1.046E+03,  4.632E+01,  5.079E+02,  4.433E+00,  1.254E+00,  7.230E-01, -6.460E-01,  1.793E-03, -3.968E-03,  2.288E-03, -2.044E-03, 
 8.255E+05, -1.449E-01,  1.207E-01, -4.207E-01, -4.046E-01,  2.394E-03,  2.161E-02,  2.394E-03, -1.084E-19,  1.077E+02,  9.720E+02,  1.755E+01,  2.684E+02,  4.405E+00,  1.366E+00, -8.031E-01,  3.338E-01,  1.884E-03, -4.323E-03, -2.542E-03,  1.056E-03, 
 8.322E+05,  3.648E-01, -7.485E-02,  4.813E-01,  7.824E-01,  7.609E-03,  2.090E-02,  7.609E-03,  0.000E+00,  2.667E+02,  7.326E+02,  4.061E+01,  7.916E+01,  3.949E+00,  1.321E+00,  1.539E+00,  1.863E-01,  3.325E-03, -4.181E-03,  4.871E-03,  5.895E-04, 
 8.389E+05,  5.518E-02, -4.274E-01, -2.745E-01, -2.231E+00,  1.043E-02, -2.673E-03,  1.043E-02,  0.000E+00,  1.597E+03, -4.091E+02,  1.116E+03,  7.897E+02,  4.210E+00, -1.689E-01,  1.601E-01, -1.809E+00,  2.500E-03,  5.346E-04,  5.067E-04, -5.724E-03, 
 8.456E+05, -1.397E-01,  1.840E-01, -1.018E+00,  3.869E+00,  3.804E-03, -1.572E-03,  3.804E-03,  0.000E+00,  5.057E+03, -2.090E+03,  4.575E+01,  4.121E+02,  4.745E+00, -9.937E-02, -6.445E-01,  8.870E-01,  8.083E-04,  3.144E-04, -2.039E-03,  2.807E-03, 
 8.524E+05,  1.826E-01, -1.547E-01,  8.443E-01, -3.301E+00,  4.047E-03, -2.874E-03,  4.047E-03,  0.000E+00,  3.668E+03, -2.606E+03,  3.083E+01,  2.649E+02,  4.722E+00, -1.816E-01,  8.341E-01, -7.635E-01,  8.790E-04,  5.748E-04,  2.640E-03, -2.416E-03, 
 8.591E+05, -3.748E-01,  1.662E-01, -2.209E+00,  1.032E+00,  9.748E-03, -1.905E-04,  9.748E-03, -4.337E-19,  1.879E+03, -3.672E+01,  6.319E+01,  1.352E+02,  4.280E+00, -1.204E-02, -1.602E+00,  7.159E-01,  2.277E-03,  3.810E-05, -5.071E-03,  2.266E-03, 
 8.658E+05,  8.615E-01,  6.767E-01,  8.149E-01,  3.011E-01,  1.903E-02, -6.134E-03,  1.903E-02,  1.735E-18,  2.385E+02, -7.689E+01,  4.685E+02,  1.219E+01,  2.204E+00, -3.877E-01,  2.161E+00,  1.158E+00,  8.847E-03,  1.227E-03,  6.840E-03,  3.664E-03, 
 8.725E+05,  2.238E-01, -6.852E-01, -3.365E-01, -2.392E-01,  8.080E-03, -2.592E-02,  8.080E-03,  0.000E+00,  5.386E+01, -1.728E+02,  1.467E+02,  4.897E+02,  1.493E+00, -1.638E+00, -7.883E-01, -1.390E+00,  1.110E-02,  5.184E-03, -2.495E-03, -4.399E-03, 
 8.792E+05, -3.604E-01,  5.557E-01,  1.971E-01,  1.857E-01,  4.414E-03, -2.422E-02,  4.414E-03,  0.000E+00,  2.316E+01, -1.271E+02,  4.457E+01,  3.499E+02,  9.150E-01, -1.531E+00,  5.208E-01,  1.060E+00,  1.293E-02,  4.844E-03,  1.648E-03,  3.355E-03, 
 8.859E+05,  6.140E-01, -8.443E-01, -1.439E-01, -1.676E-01,  3.379E-03, -1.426E-02,  3.379E-03,  0.000E+00,  1.542E+01, -6.506E+01,  2.608E+01,  2.755E+02,  4.095E-01, -9.011E-01, -5.094E-01, -8.990E-01,  1.453E-02,  2.852E-03, -1.612E-03, -2.845E-03, 
 8.926E+05,  6.002E-02,  3.949E+00,  1.196E-01,  1.732E-01,  3.212E-03, -2.146E-03,  3.212E-03,  0.000E+00,  1.400E+01, -9.356E+00,  2.068E+01,  2.181E+02,  2.160E-01, -1.356E-01,  5.486E-01,  8.450E-01,  1.514E-02,  4.292E-04,  1.736E-03,  2.674E-03, 
 8.993E+05, -1.715E+00,  1.529E-01, -1.033E-01, -1.973E-01,  3.516E-03,  8.472E-03,  3.516E-03, -2.168E-19,  1.567E+01,  3.776E+01,  1.956E+01,  1.626E+02,  2.972E-01,  5.354E-01, -5.915E-01, -8.725E-01,  1.488E-02, -1.694E-03, -1.872E-03, -2.761E-03, 
 9.060E+05,  9.495E-01, -1.009E-01,  8.196E-02,  2.305E-01,  3.995E-03,  1.663E-02,  3.995E-03,  0.000E+00,  1.892E+01,  7.873E+01,  1.985E+01,  1.070E+02,  5.294E-01,  1.051E+00,  6.087E-01,  9.444E-01,  1.415E-02, -3.326E-03,  1.926E-03,  2.989E-03, 
 9.128E+05, -6.726E-01,  3.768E-02, -5.671E-02, -2.458E-01,  3.972E-03,  2.303E-02,  3.972E-03,  0.000E+00,  2.011E+01,  1.166E+02,  1.846E+01,  6.582E+01,  8.042E-01,  1.456E+00, -5.958E-01, -9.488E-01,  1.328E-02, -4.607E-03, -1.885E-03, -3.003E-03, 
 9.195E+05,  4.510E-01, -6.036E-02,  5.084E-02,  2.140E-01,  2.877E-03,  2.860E-02,  2.877E-03,  0.000E+00,  1.529E+01,  1.520E+02,  1.300E+01,  6.868E+01,  1.060E+00,  1.807E+00,  5.871E-01,  7.512E-01,  1.247E-02, -5.720E-03,  1.858E-03,  2.377E-03, 
 9.262E+05, -2.505E-01,  8.730E-02, -5.707E-02, -1.443E-01,  1.371E-03,  3.326E-02,  1.371E-03,  0.000E+00,  7.613E+00,  1.847E+02,  6.506E+00,  1.211E+02,  1.318E+00,  2.102E+00, -5.136E-01, -4.115E-01,  1.165E-02, -6.652E-03, -1.625E-03, -1.302E-03, 
 9.329E+05,  1.217E-01, -7.205E-02,  4.989E-02,  8.170E-02,  4.910E-04,  3.627E-02,  4.910E-04,  2.711E-20,  2.896E+00,  2.139E+02,  2.712E+00,  1.911E+02,  1.583E+00,  2.292E+00,  3.577E-01,  1.648E-01,  1.081E-02, -7.254E-03,  1.132E-03,  5.216E-04, 
 9.396E+05, -6.227E-02,  5.023E-02, -3.811E-02, -4.679E-02,  1.828E-04,  3.786E-02,  1.828E-04,  0.000E+00,  1.151E+00,  2.383E+02,  1.217E+00,  2.565E+02,  1.816E+00,  2.393E+00, -2.333E-01, -5.777E-02,  1.008E-02, -7.572E-03, -7.382E-04, -1.828E-04, 
 9.463E+05,  3.911E-02, -3.973E-02,  3.266E-02,  3.199E-02,  9.864E-05,  3.869E-02,  9.864E-05, -1.694E-21,  6.606E-01,  2.591E+02,  8.050E-01,  3.220E+02,  2.012E+00,  2.445E+00,  1.758E-01,  1.572E-02,  9.456E-03, -7.739E-03,  5.565E-04,  4.976E-05, 
 9.530E+05, -3.702E-02,  5.272E-02, -4.657E-02, -3.245E-02,  1.430E-04,  3.910E-02,  1.430E-04,  3.388E-21,  1.018E+00,  2.784E+02,  1.746E+00,  4.520E+02,  2.186E+00,  2.471E+00, -2.112E-01,  2.378E-02,  8.904E-03, -7.820E-03, -6.684E-04,  7.526E-05, 
 9.597E+05, -1.200E-01,  3.107E-02, -2.945E-02, -1.076E-01,  5.364E-04,  3.880E-02,  5.364E-04,  0.000E+00,  3.931E+00,  2.843E+02,  2.327E+00,  8.442E+01,  2.241E+00,  2.452E+00, -3.450E-01, -2.246E-01,  8.731E-03, -7.760E-03, -1.092E-03, -7.107E-04, 
 9.664E+05,  2.089E-02, -2.091E-02,  2.018E-02,  2.012E-02,  3.326E-05,  3.950E-02,  3.326E-05,  0.000E+00,  2.566E-01,  3.047E+02,  2.664E-01,  3.165E+02,  2.409E+00,  2.496E+00,  1.025E-01,  1.774E-03,  8.199E-03, -7.900E-03,  3.244E-04,  5.616E-06, 
 9.732E+05,  1.325E-01,  1.866E-03,  4.309E-04,  1.311E-01,  6.752E-04,  3.887E-02,  6.752E-04,  0.000E+00,  5.430E+00,  3.126E+02,  2.744E+00, -1.676E+00,  2.474E+00,  2.457E+00,  3.231E-01,  3.301E-01,  7.994E-03, -7.775E-03,  1.023E-03,  1.045E-03, 
 9.799E+05, -1.618E-02,  2.017E-02, -2.116E-02, -1.695E-02,  2.768E-05,  3.949E-02,  2.768E-05, -4.235E-22,  2.323E-01,  3.313E+02,  2.828E-01,  3.941E+02,  2.618E+00,  2.495E+00, -9.270E-02,  1.242E-02,  7.539E-03, -7.897E-03, -2.934E-04,  3.929E-05, 
 9.866E+05, -1.126E-02,  1.267E-02, -1.373E-02, -1.220E-02,  1.227E-05,  3.942E-02,  1.227E-05, -2.118E-22,  1.066E-01,  3.425E+02,  1.112E-01,  3.557E+02,  2.700E+00,  2.491E+00, -6.197E-02,  6.163E-03,  7.277E-03, -7.883E-03, -1.961E-04,  1.950E-05, 
 9.933E+05, -1.785E-02,  6.186E-02, -6.979E-02, -1.979E-02,  1.826E-04,  3.910E-02,  1.826E-04,  0.000E+00,  1.663E+00,  3.560E+02,  9.668E+00,  1.103E+03,  2.795E+00,  2.471E+00, -2.028E-01,  1.288E-01,  6.977E-03, -7.819E-03, -6.416E-04,  4.077E-04, 
 1.000E+06,  1.592E-02, -2.791E-02,  3.228E-02,  1.837E-02,  4.667E-05,  3.910E-02,  4.667E-05,  0.000E+00,  4.360E-01,  3.653E+02,  7.613E-01,  5.545E+02,  2.859E+00,  2.471E+00,  1.145E-01, -4.045E-02,  6.775E-03, -7.820E-03,  3.624E-04, -1.280E-04, 
